metric,test_acc,train_acc,overfit_gap,f1
mean,0.5556836674119767,1.0,0.4443163325880233,0.5703731285407927
median,0.5277777777777778,1.0,0.4722222222222222,0.5405405405405406
std,0.12219436791959035,0.0,0.12219436791959033,0.14785670393387165
min,0.4482758620689655,1.0,0.16129032258064513,0.37037037037037035
max,0.8387096774193549,1.0,0.5517241379310345,0.8717948717948718
