metric,test_acc,train_acc,overfit_gap,f1
mean,0.5520138247281958,0.999375,0.44736117527180425,0.5735234763133249
median,0.5502873563218391,1.0,0.4497126436781609,0.5717514124293785
std,0.11496481065120952,0.0019764235376052305,0.1142973497853357,0.14178322247401093
min,0.41935483870967744,0.99375,0.19354838709677424,0.35714285714285715
max,0.8064516129032258,1.0,0.5806451612903225,0.8571428571428571
